Title,Author,Published,Categories,URL,ISBN-13
The Penguin Yearbook 2009,Derek O'Brien,2008,Encyclopedias and dictionaries,http://books.google.com/books?id=2khyPwAACAAJ&dq=isbn:9780143064978&hl=&source=gbs_api,9780143064978
The Sins of the Father (The Clifton Chronicles),Jeffrey Archer,January 2012,,http://isbnsearch.org/isbn/9781447209225,9781447209225
Practicing the Power of NOW,Eckhart Tolle,January 1905,,http://isbnsearch.org/isbn/9788190105972,9788190105972
Effective Time Management,John Eric Adair,2002-05-01,Reference,http://books.google.com/books?id=DairQgAACAAJ&dq=isbn:9780330302296&hl=&source=gbs_api,9780330302296
Boyhood Days,Rabindranath Tagore,2007,Biography & Autobiography,http://books.google.com/books?id=UWhnwlQyplEC&dq=isbn:9780143330219&hl=&source=gbs_api,9780143330219
Nutitive Cooking For Children,Dr Shaila Santhanam,2006-01-01,,http://books.google.com/books?id=PzeSMwAACAAJ&dq=isbn:9788174364166&hl=&source=gbs_api,9788174364166
,,,,,9788189988364
Jagat Guru,Prasada Jagannadha Rao,2013-01-01,Spiritual life,http://books.google.com/books?id=5EaPngEACAAJ&dq=isbn:9788120781757&hl=&source=gbs_api,9788120781757
Exam Warriors,"Modi, Narendra",January 2019,,http://isbnsearch.org/isbn/9780143441502,9780143441502
Be Good and Invaluable Advice,Swami Ramsukhdas,2010,Conduct of life,http://books.google.com/books?id=zOUmMwEACAAJ&dq=isbn:9788129300379&hl=&source=gbs_api,9788129300379
"Book Of Ram,The","Pattanaik, Devdutt",April 2014,,http://isbnsearch.org/isbn/9780143419907,9780143419907
Bridge of Rama,Ashok Banker,2006,Fantasy fiction,http://books.google.com/books?id=gIH-sTCL1O4C&dq=isbn:9780144001446&hl=&source=gbs_api,9780144001446
Immortals of Meluha,Amish Tripathi,2010,Fiction,http://books.google.com/books?id=MlJyAQAACAAJ&dq=isbn:9789380658742&hl=&source=gbs_api,9789380658742
Jaya,Devdutt Pattanaik,2010,Literary Collections,http://books.google.com/books?id=gzN2_fu0mIYC&dq=isbn:9780143104254&hl=&source=gbs_api,9780143104254
The Jim Corbett Omnibus,Jim Corbett,1991,Forest animals,http://books.google.com/books?id=TaErAAAAYAAJ&dq=isbn:9780195627626&hl=&source=gbs_api,9780195627626
Myth = Mithya,Devdutt Pattanaik,2006,Hindu mythology,http://books.google.com/books?id=W5erCDE-u60C&dq=isbn:9780143099703&hl=&source=gbs_api,9780143099703
,,,,,9780007428052
,,,,,9788189975678
Living with the Himalayan Masters,Swami Rama,1999-01-01,Philosophy,http://books.google.com/books?id=uOsw7Z6pTjAC&dq=isbn:9780893891565&hl=&source=gbs_api,9780893891565
Seven secrets of Shiva,"Pattanaik, Devdutt",2011,Religion,http://books.google.com/books?id=MfvktAEACAAJ&dq=isbn:9789380658636&hl=&source=gbs_api,9789380658636
Sita,Devdutt Pattanaik,2014-02-19,Religion,http://books.google.com/books?id=j5tRnwEACAAJ&dq=isbn:9780143064329&hl=&source=gbs_api,9780143064329
,,,,,9788179918265
"Don't Lose Out, Work Out!",Rujuta Diwekar,2014-09-23,Health & Fitness,http://books.google.com/books?id=krLRswEACAAJ&dq=isbn:9789383260959&hl=&source=gbs_api,9789383260959
From Xl To Xs,Payal Gidwani Tiwari,2010-11-01,,http://books.google.com/books?id=mJJGYAAACAAJ&dq=isbn:9788184001471&hl=&source=gbs_api,9788184001471
Eat. Delete,Pooja Makhija,2012,,http://books.google.com/books?id=CsPsoAEACAAJ&dq=isbn:9789350292341&hl=&source=gbs_api,9789350292341
Sporting Times: 175 Years,BORIA MAJUMDAR,December ,,http://isbnsearch.org/isbn/9789382299400,9789382299400
Mukti,Saraśrī Tejapārakhījī,2008,Courage,http://books.google.com/books?id=UrY_yQEACAAJ&dq=isbn:9788190662789&hl=&source=gbs_api,9788190662789
,,,,,9798129107816
Scion of Ikshvaku,"Amish, Amish Tripathi",2015,Fiction,http://books.google.com/books?id=SbLrjgEACAAJ&dq=isbn:9789385152146&hl=&source=gbs_api,9789385152146
Revolution 2020,Chetan Bhagat,2011,Fiction,http://books.google.com/books?id=d3OQpwAACAAJ&dq=isbn:9788129118806&hl=&source=gbs_api,9788129118806
Bournvita Book Of Knowledge Vols 4-6,Derek O`brien,January 2007,,http://isbnsearch.org/isbn/9780143330240,9780143330240
What Young India Wants,Chetan Bhagat,2012,Education,http://books.google.com/books?id=FROUMwEACAAJ&dq=isbn:9788129120212&hl=&source=gbs_api,9788129120212
Making India Awesome,Chetan Bhagat,2015-08,India,http://books.google.com/books?id=kxc6jgEACAAJ&dq=isbn:9788129137425&hl=&source=gbs_api,9788129137425
One Night @ the Call Center,Chetan Bhagat,2005-01-01,Indic fiction (English),http://books.google.com/books?id=RvzcAAAACAAJ&dq=isbn:9788129108180&hl=&source=gbs_api,9788129108180
2 States,Chetan Bhagat,2009,Indic fiction (English),http://books.google.com/books?id=lHkKywEACAAJ&dq=isbn:9788129115300&hl=&source=gbs_api,9788129115300
I Steve; Steve Jobs in his own words,,November 2011,,http://isbnsearch.org/isbn/9789350292006,9789350292006
,,,,,9788175225602
Experience India,"T, i, m, e, s,  , o, f,  , I, n, d, i, a,  , (, F, i, r, m, )",2007,,,9788189906061
A Beautiful Mind,Sylvia Nasar,2001-12-04,Mathematics,http://books.google.com/books?id=mVEOAAAACAAJ&dq=isbn:9780743226370&hl=&source=gbs_api,9780743226370
The Da Vinci Code,Dan Brown,2004,Art museum curators,http://books.google.com/books?id=KbC_uQAACAAJ&dq=isbn:9780385513227&hl=&source=gbs_api,9780385513227
,,,,,76714007994
Linda Goodman's Sun Signs,Linda Goodman,1972,Astrology,http://books.google.com/books?id=JPzCfhJE_2MC&dq=isbn:9780330233903&hl=&source=gbs_api,9780330233903
